Title,Date
"No Strings Attached","06/02/2020"
"Clueless","06/02/2020"
"You: Season 1: The Captain","05/02/2020"
"You: Season 1: Maybe","05/02/2020"
"Lady Bird","04/02/2020"
"The Good Place: Season 4: Whenever You're Ready","04/02/2020"
"The Good Place: Season 4: Patty","04/02/2020"
"The Good Place: Season 4: Mondays, Am I Right?","04/02/2020"
"Fifty Shades of Grey","02/02/2020"
"Below Her Mouth","02/02/2020"
"You: Season 2: Love, Actually","01/02/2020"
"You: Season 2: P.I. Joe","01/02/2020"
"You: Season 2: Fear and Loathing in Beverly Hills","01/02/2020"
"You: Season 2: Ex-istential Crisis","31/01/2020"
"You: Season 2: Farewell, My Bunny","29/01/2020"
"You: Season 2: Have a Good Wellkend, Joe!","28/01/2020"
"Power: Season 6: Episode 14","27/01/2020"
"You: Season 2: The Good, the Bad, & the Hendy","26/01/2020"
"Look Away","26/01/2020"
"Winx Club: Season 7: The Alfea Natural Park","26/01/2020"
"Sex Education: Season 2: Episode 8","26/01/2020"
"Sex Education: Season 2: Episode 7","26/01/2020"
"Sex Education: Season 2: Episode 6","25/01/2020"
"Sex Education: Season 2: Episode 5","25/01/2020"
"On My Block: Season 1: Chapter Nine","25/01/2020"
"On My Block: Season 1: Chapter Eight","25/01/2020"
"On My Block: Season 1: Chapter Four","25/01/2020"
"On My Block: Season 1: Chapter Three","25/01/2020"
"On My Block: Season 1: Chapter Two","25/01/2020"
"Sex Education: Season 2: Episode 4","24/01/2020"
"You: Season 2: What Are Friends For?","24/01/2020"
"Sex Education: Season 2: Episode 3","21/01/2020"
"Teen Wolf: Season 5: Strange Frequencies","21/01/2020"
"Power: Season 6: Episode 13","20/01/2020"
"Teen Wolf: Season 5: Required Reading","20/01/2020"
"Teen Wolf: Season 5: A Novel Approach","20/01/2020"
"Call Me by Your Name","19/01/2020"
"Sex Education: Season 2: Episode 2","19/01/2020"
"Fifty Shades Freed","18/01/2020"
"Sex Education: Season 2: Episode 1","18/01/2020"
"Power: Season 6: Episode 12","14/01/2020"
"Titans: Season 2: Nightwing","13/01/2020"
"Titans: Season 2: Faux-Hawk","13/01/2020"
"Titans: Season 2: E.L._.O.","13/01/2020"
"Titans: Season 2: Fallen","13/01/2020"
"Titans: Season 2: Atonement","13/01/2020"
"Titans: Season 2: Jericho","13/01/2020"
"Titans: Season 2: Bruce Wayne","12/01/2020"
"Titans: Season 2: Conner","12/01/2020"
"Titans: Season 2: Deathstroke","12/01/2020"
"Titans: Season 2: Aqualad","12/01/2020"
"You: Season 2: Just the Tip","12/01/2020"
"Titans: Season 2: Ghosts","12/01/2020"
"Titans: Season 2: Rose","12/01/2020"
"Titans: Season 2: Trigon","12/01/2020"
"Barbie Life in the Dreamhouse: Season 1: Best of Dreamhouse","12/01/2020"
"You: Season 2: A Fresh Start","12/01/2020"
"A Series of Unfortunate Events: Season 3: Slippery Slope: Part 1","11/01/2020"
"A Series of Unfortunate Events: Season 2: Carnivorous Carnival: Part 2","11/01/2020"
"A Series of Unfortunate Events: Season 2: Carnivorous Carnival: Part 1","11/01/2020"
"A Series of Unfortunate Events: Season 2: The Hostile Hospital: Part 2","11/01/2020"
"A Series of Unfortunate Events: Season 2: The Hostile Hospital: Part 1","11/01/2020"
"A Series of Unfortunate Events: Season 2: The Vile Village: Part 2","11/01/2020"
"A Series of Unfortunate Events: Season 2: The Vile Village: Part 1","10/01/2020"
"A Series of Unfortunate Events: Season 2: The Ersatz Elevator: Part 2","10/01/2020"
"Daddy Day Care","10/01/2020"
"Shrek","10/01/2020"
"The Good Place: Season 4: You've Changed, Man","10/01/2020"
"Orange Is the New Black: Season 6: Break the String","10/01/2020"
"Orange Is the New Black: Season 6: Gordons","09/01/2020"
"Orange Is the New Black: Season 6: Changing Winds","08/01/2020"
"Orange Is the New Black: Season 6: State of the Uterus","08/01/2020"
"Downsizing","08/01/2020"
"Orange Is the New Black: Season 2: Thirsty Bird","08/01/2020"
"Orange Is the New Black: Season 6: Mischief Mischief","07/01/2020"
"Orange Is the New Black: Season 6: I'm the Talking Ass","07/01/2020"
"Orange Is the New Black: Season 6: Look Out for Number One","07/01/2020"
"Orange Is the New Black: Season 6: Sh*tstorm Coming","07/01/2020"
"Power: Season 6: Episode 11","06/01/2020"
"The Hustle","06/01/2020"
"It Takes Two","06/01/2020"
"Shrek 2","06/01/2020"
"Orange Is the New Black: Season 6: Who Knows Better Than I","06/01/2020"
"Orange Is the New Black: Season 5: Storm-y Weather","05/01/2020"
"Orange Is the New Black: Season 5: Tattoo You","05/01/2020"
"Orange Is the New Black: Season 5: Breaking the Fiberboard Ceiling","05/01/2020"
"Orange Is the New Black: Season 5: The Reverse Midas Touch","05/01/2020"
"Orange Is the New Black: Season 5: The Tightening","05/01/2020"
"The Nutty Professor","05/01/2020"
"Orange Is the New Black: Season 5: Tied to the Tracks","05/01/2020"
"Orange Is the New Black: Season 5: Full Bush, Half Snickers","05/01/2020"
"Orange Is the New Black: Season 5: Flaming Hot Cheetos, Literally","05/01/2020"
"Orange Is the New Black: Season 5: Sing It, White Effie","04/01/2020"
"Orange Is the New Black: Season 5: Litchfield's Got Talent","04/01/2020"
"Orange Is the New Black: Season 5: Pissters!","04/01/2020"
"Orange Is the New Black: Season 5: F*ck, Marry, Frieda","04/01/2020"
"Orange Is the New Black: Season 5: Riot FOMO","04/01/2020"
"Orange Is the New Black: Season 4: Toast Can’t Never Be Bread Again","04/01/2020"
"Orange Is the New Black: Season 4: The Animals","04/01/2020"
"Orange Is the New Black: Season 4: People Persons","04/01/2020"
"Orange Is the New Black: Season 4: Bunny, Skull, Bunny, Skull","04/01/2020"
"Orange Is the New Black: Season 4: Turn Table Turn","04/01/2020"
"Orange Is the New Black: Season 4: Friends in Low Places","04/01/2020"
"Orange Is the New Black: Season 4: It Sounded Nicer in My Head","03/01/2020"
"Orange Is the New Black: Season 4: Piece of Sh*t","03/01/2020"
"Orange Is the New Black: Season 4: We’ll Always Have Baltimore","03/01/2020"
"Orange Is the New Black: Season 4: Doctor Psycho","03/01/2020"
"Orange Is the New Black: Season 4: (Don’t) Say Anything","03/01/2020"
"After","03/01/2020"
"Orange Is the New Black: Season 4: Power Suit","02/01/2020"
"Orange Is the New Black: Season 4: Work That Body for Me","02/01/2020"
"Orange Is the New Black: Season 3: Trust No Bitch","02/01/2020"
"Orange Is the New Black: Season 3: Don’t Make Me Come Back There","02/01/2020"
"Orange Is the New Black: Season 3: We Can Be Heroes","02/01/2020"
"Orange Is the New Black: Season 3: A Tittin' and a Hairin'","02/01/2020"
"Orange Is the New Black: Season 3: Where My Dreidel At","02/01/2020"
"The Brothers Grimsby","01/01/2020"
"Orange Is the New Black: Season 3: Fear, and Other Smells","01/01/2020"
"The End of the F***ing World: Season 1: Episode 1","01/01/2020"
"Orange Is the New Black: Season 3: Tongue-Tied","30/12/2019"
"Orange Is the New Black: Season 3: Ching Chong Chang","30/12/2019"
"Orange Is the New Black: Season 3: Fake It Till You Fake It Some More","30/12/2019"
"Orange Is the New Black: Season 3: Finger in the Dyke","30/12/2019"
"Five Feet Apart","30/12/2019"
"American Pie Presents: The Naked Mile","30/12/2019"
"The Witcher: Season 1: The End’s Beginning","30/12/2019"
"Orange Is the New Black: Season 3: Empathy Is a Boner Killer","29/12/2019"
"Orange Is the New Black: Season 3: Bed Bugs and Beyond","29/12/2019"
"The DUFF","29/12/2019"
"Orange Is the New Black: Season 3: Mother's Day","29/12/2019"
"The Kissing Booth","29/12/2019"
"Lost in Space: Season 2: Ninety-Seven","28/12/2019"
"To All the Boys I’ve Loved Before","28/12/2019"
"Lost in Space: Season 2: Shell Game","28/12/2019"
"Lost in Space: Season 2: Unknown","28/12/2019"
"Lost in Space: Season 2: Evolution","28/12/2019"
"Lost in Space: Season 2: Severed","28/12/2019"
"Lost in Space: Season 2: Run","27/12/2019"
"Lost in Space: Season 2: Scarecrow","27/12/2019"
"Lost in Space: Season 2: Echoes","27/12/2019"
"Lost in Space: Season 2: Precipice","27/12/2019"
"Lost in Space: Season 2: Shipwrecked","27/12/2019"
"Lost in Space: Season 1: Impact","27/12/2019"
"A Series of Unfortunate Events: Season 2: The Ersatz Elevator: Part 1","27/12/2019"
"Orange Is the New Black: Season 7: Here's Where We Get Off","26/12/2019"
"Black Mirror: Season 3: Nosedive","26/12/2019"
"A Series of Unfortunate Events: Season 3: The End","26/12/2019"
"A Series of Unfortunate Events: Season 3: Penultimate Peril: Part 2","26/12/2019"
"The Boss Baby: Back in Business: Season 1: Scooter Buskie","25/12/2019"
"Despicable Me 2","25/12/2019"
"A Series of Unfortunate Events: Season 3: Penultimate Peril: Part 1","25/12/2019"
"A Series of Unfortunate Events: Season 3: Grim Grotto: Part 2","25/12/2019"
"A Series of Unfortunate Events: Season 3: Grim Grotto: Part 1","24/12/2019"
"The Hunger Games: Mockingjay - Part 1","24/12/2019"
"A Series of Unfortunate Events: Season 1: The Bad Beginning: Part Two","24/12/2019"
"A Series of Unfortunate Events: Season 1: The Bad Beginning: Part One","24/12/2019"
"How I Met Your Mother: Season 7: The Naked Truth","23/12/2019"
"How I Met Your Mother: Season 7: The Best Man","23/12/2019"
"The Hunger Games: Mockingjay - Part 2","23/12/2019"
"Bad Teacher","23/12/2019"
"The Hunger Games: Catching Fire","23/12/2019"
"The Maze Runner","22/12/2019"
"The Hunger Games","22/12/2019"
"How to Get Away With Murder: Season 1: Pilot","21/12/2019"
"Don't F**k with Cats: Hunting an Internet Killer: Limited Series: Cat and Mouse","21/12/2019"
"Divergent","21/12/2019"
"Honey","21/12/2019"
"Riverdale: Season 4: Chapter Sixty-Three: “Hereditary”","20/12/2019"
"Baywatch","15/12/2019"
"Rush Hour 2","12/12/2019"
"Kingsman: The Secret Service","12/12/2019"
"2012","12/12/2019"
"Attack the Block","11/12/2019"
"Bad Boys","08/12/2019"
"The World's End","06/12/2019"
"A Simple Favour","05/12/2019"
"What to Expect When You're Expecting","05/12/2019"
"Fred: The Movie","05/12/2019"
"Naked","03/12/2019"
"CHIPS","02/12/2019"
"Reign: Season 1: Pilot","02/12/2019"
"The Crown: Season 1: Wolferton Splash","02/12/2019"
"Pixels","01/12/2019"
"Midnight Sun","01/12/2019"
"Jumanji: Welcome to the Jungle","28/11/2019"
"Get Smart","28/11/2019"
"LEGO Ninjago: Masters of Spinjitzu: Season 1: Rise of the Snakes","28/11/2019"
"The Great Gatsby","23/11/2019"
"The Society: Season 1: Childhood's End","23/11/2019"
"The Society: Season 1: Our Town","23/11/2019"
"The Society: Season 1: How it Happens","23/11/2019"
"The Society: Season 1: New Names","23/11/2019"
"Pitch Perfect 3","23/11/2019"
"Victorious: Season 1: Rex Dies","23/11/2019"
"The Society: Season 1: Poison","22/11/2019"
"The Society: Season 1: Allie's Rules","22/11/2019"
"The Society: Season 1: Like a F-ing God or Something","22/11/2019"
"The Society: Season 1: Putting on the Clothes","22/11/2019"
"The Good Place: Season 4: The Answer","22/11/2019"
"The Society: Season 1: Drop by Drop","22/11/2019"
"Rhythm + Flow: Season 1: Los Angeles Auditions","21/11/2019"
"The Society: Season 1: What Happened","21/11/2019"
"The Haunting of Hill House: Season 1: Steven Sees a Ghost","21/11/2019"
"Total Drama: All Stars: Heroes vs. Villains","21/11/2019"
"Total Drama: Action: The Aftermath: Pt. Four","21/11/2019"
"Total Drama: Action: Mutiny on the Soundstage","21/11/2019"
"Total Drama: Action: Top Dog","20/11/2019"
"Total Drama: Action: 2008: A Space Owen","20/11/2019"
"Total Drama: Action: Crouching Courtney, Hidden Owen","20/11/2019"
"Total Drama: Action: Rock `n Rule","19/11/2019"
"Total Drama: Action: Get A Clue","19/11/2019"
"Total Drama: Action: The Princess Pride","18/11/2019"
"Total Drama: Action: The Aftermath: O-wen or Lose","18/11/2019"
"Total Drama: Action: Super Hero-ld","18/11/2019"
"Total Drama: Action: Dial M for Merger","18/11/2019"
"Total Drama: Action: Million Dollar Babies","17/11/2019"
"Total Drama: Action: One Million Bucks B.C","17/11/2019"
"The Game Changers","17/11/2019"
"Total Drama: Action: Ocean's Eight - Or Nine","17/11/2019"
"Total Drama: Action: The Aftermath: For-Gwen and Forget?","17/11/2019"
"Total Drama: Action: Full Metal Drama","17/11/2019"
"Total Drama: Action: Masters of Disasters","16/11/2019"
"Total Drama: Action: The Sand Witch Project","16/11/2019"
"Hot Girls Wanted","15/11/2019"
"Westside vs. the World","15/11/2019"
"Chocolate City: Vegas Strip","15/11/2019"
"A Bad Moms Christmas","15/11/2019"
"John Wick: Chapter Two","15/11/2019"
"The Good Place: Season 4: The Funerals To End All Funerals","15/11/2019"
"Total Drama: Action: One Flu Over The Cuckoos","15/11/2019"
"Total Drama: Action: The Chefshank Redemption","15/11/2019"
"Riverdale: Season 4: Chapter Sixty-Two: Witness for the Prosecution","14/11/2019"
"Total Drama: Action: The Aftermath: Trent's Descent","14/11/2019"
"Total Drama: Action: 3:10 to Crazytown","14/11/2019"
"Total Drama: Action: Beach Blanket Bogus","14/11/2019"
"Total Drama: Action: Riot On Set","14/11/2019"
"Total Drama: Action: Alien Resurr-eggtion","14/11/2019"
"Total Drama: Action: Monster Cash!","14/11/2019"
"Total Drama: Island: The Very Last Episode, Really!","13/11/2019"
"Total Drama: Island: Triple Dog Dare You","13/11/2019"
"Total Drama: Island: Are We There, Yeti?!","12/11/2019"
"Total Drama: Island: Camp Castaways","12/11/2019"
"Total Drama: Island: Haute Camp-ture","11/11/2019"
"Total Drama: Island: Trial by Tri-Armed Triathalon","11/11/2019"
"Total Drama: Island: Wawanakwa Gone Wild!","11/11/2019"
"Total Drama: Island: That's Off the Chain!","11/11/2019"
"Total Drama: Island: Hook, Line and Screamer","11/11/2019"
"Total Drama: Island: Hide and Be Sneaky","10/11/2019"
"Total Drama: Island: Search and Do Not Destroy","10/11/2019"
"Total Drama: Island: No Pain, No Game","10/11/2019"
"Total Drama: Island: Bunch of Disgustingness","10/11/2019"
"Total Drama: Island: X-Treme Torture","09/11/2019"
"Total Drama: Island: Basic Straining","09/11/2019"
"The Good Place: Season 4: Help is Other People","08/11/2019"
"Total Drama: Island: Who Can You Trust?","08/11/2019"
"Total Drama: Island: If You Can't Take the Heat...","07/11/2019"
"Total Drama: Island: Paintball Deer Hunter","07/11/2019"
"Total Drama: Island: Up the Creek","07/11/2019"
"Total Drama: Island: Phobia Factor","06/11/2019"
"Total Drama: Island: The Sucky Outdoors","06/11/2019"
"Total Drama: Island: Not Quite Famous","06/11/2019"
"Total Drama: Island: DodgeBrawl","06/11/2019"
"Total Drama: Island: The Big Sleep","06/11/2019"
"Total Drama: Island: The Not So Great Outdoors: Part 2","06/11/2019"
"Total Drama: Island: The Not So Great Outdoors: Part 1","05/11/2019"
"Power: Season 6: Episode 10","05/11/2019"
"Legally Blonde","04/11/2019"
"Daddy's Home 2","03/11/2019"
"Jane The Virgin: Season 4: Chapter Eighty-One","02/11/2019"
"Jane The Virgin: Season 4: Chapter Eighty","02/11/2019"
"Jane The Virgin: Season 4: Chapter Seventy-Nine","02/11/2019"
"Jane The Virgin: Season 5: Chapter Eighty-Two","02/11/2019"
"Jane The Virgin: Season 4: Chapter Seventy-Eight","02/11/2019"
"Jane The Virgin: Season 4: Chapter Seventy-Seven","02/11/2019"
"Fist Fight","02/11/2019"
"The Good Place: Season 4: A Chip Driver Mystery","01/11/2019"
"Hotel Transylvania","01/11/2019"
"Scary Movie 2","01/11/2019"
"Goosebumps","31/10/2019"
"Death Note","31/10/2019"
"In the Tall Grass","31/10/2019"
"Insidious: Chapter 2","31/10/2019"
"The Boy in the Striped Pyjamas","31/10/2019"
"Insidious","31/10/2019"
"Legion","31/10/2019"
"Jane The Virgin: Season 4: Chapter Seventy-Six","31/10/2019"
"The Umbrella Academy: Season 1: The Day That Wasn't","31/10/2019"
"The Umbrella Academy: Season 1: Number Five","31/10/2019"
"The Umbrella Academy: Season 1: We Only See Each Other at Weddings and Funerals","31/10/2019"
"Power: Season 6: Episode 9","29/10/2019"
"Big Mouth: Season 1: Sleepover: A Harrowing Ordeal of Emotional Brutality","29/10/2019"
"Big Mouth: Season 1: Am I Gay?","29/10/2019"
"I Am Mother","29/10/2019"
"The Umbrella Academy: Season 1: Man on the Moon","29/10/2019"
"The Umbrella Academy: Season 1: Extra Ordinary","28/10/2019"
"Power: Season 6: Episode 8","28/10/2019"
"Jane The Virgin: Season 4: Chapter Seventy-Five","28/10/2019"
"Bird Box","28/10/2019"
"Kevin Hart: Seriously Funny","27/10/2019"
"Dave Chappelle: Collection: Deep in the Heart of Texas: Dave Chappelle Live at Austin City Limits","27/10/2019"
"Dave Chappelle: Collection: The Age of Spin: Dave Chappelle Live at The Hollywood Palladium","27/10/2019"
"Michael McIntyre's Comedy Roadshow: Series 1: Edinburgh","27/10/2019"
"Raising Dion: Season 1: ISSUE #101: How Do You Raise a Superhero?","27/10/2019"
"Spider-Man: Homecoming","27/10/2019"
"Charlie's Angels: Full Throttle","27/10/2019"
"Girls Trip","26/10/2019"
"Jane The Virgin: Season 4: Chapter Seventy-Four","26/10/2019"
"Jane The Virgin: Season 4: Chapter Seventy-Three","25/10/2019"
"Jane The Virgin: Season 4: Chapter Seventy-Two","25/10/2019"
"The Good Place: Season 4: Employee of the Bearimy","25/10/2019"
"Riverdale: Season 4: Chapter Fifty-Eight: In Memoriam","25/10/2019"
"Despicable Me 3","24/10/2019"
"Jane The Virgin: Season 4: Chapter Seventy-One","23/10/2019"
"Jane The Virgin: Season 4: Chapter Seventy","22/10/2019"
"Insatiable: Season 2: Pig","22/10/2019"
"Madagascar","21/10/2019"
"Elite: Season 2: 34 hours missing","20/10/2019"
"Jane The Virgin: Season 4: Chapter Sixty-Nine","20/10/2019"
"Jane The Virgin: Season 4: Chapter Sixty-Eight","20/10/2019"
"Avatar: The Last Airbender: Avatar: The Last Airbender: Book 3: The Ember Island Players","19/10/2019"
"Avatar: The Last Airbender: Avatar: The Last Airbender: Book 3: The Southern Raiders","19/10/2019"
"Avatar: The Last Airbender: Avatar: The Last Airbender: Book 3: The Firebending Masters","19/10/2019"
"Avatar: The Last Airbender: Avatar: The Last Airbender: Book 3: The Western Air Temple","19/10/2019"
"Avatar: The Last Airbender: Avatar: The Last Airbender: Book 3: Nightmares and Daydreams","19/10/2019"
"Avatar: The Last Airbender: Avatar: The Last Airbender: Book 3: The Puppetmaster","19/10/2019"
"Avatar: The Last Airbender: Avatar: The Last Airbender: Book 3: The Runaway","19/10/2019"
"Avatar: The Last Airbender: Avatar: The Last Airbender: Book 3: The Avatar and the Firelord","19/10/2019"
"The SpongeBob Movie: Sponge Out of Water","18/10/2019"
"The Flintstones","18/10/2019"
"Jane The Virgin: Season 4: Chapter Sixty-Seven","18/10/2019"
"Jane The Virgin: Season 4: Chapter Sixty-Six","18/10/2019"
"Jane The Virgin: Season 4: Chapter Sixty-Five","18/10/2019"
"Jane The Virgin: Season 3: Chapter Sixty-Three","18/10/2019"
"Jane The Virgin: Season 3: Chapter Sixty-Two","18/10/2019"
"The Good Place: Season 4: Tinker, Tailor, Demon, Spy","18/10/2019"
"Avatar: The Last Airbender: Avatar: The Last Airbender: Book 3: The Beach","17/10/2019"
"Avatar: The Last Airbender: Avatar: The Last Airbender: Book 3: Sokka's Master","17/10/2019"
"Avatar: The Last Airbender: Avatar: The Last Airbender: Book 3: The Painted Lady","17/10/2019"
"Avatar: The Last Airbender: Avatar: The Last Airbender: Book 3: The Headband","17/10/2019"
"Big Mouth: Season 2: What Is It About Boobs?","17/10/2019"
"Avatar: The Last Airbender: Avatar: The Last Airbender: Book 3: The Awakening","16/10/2019"
"Avatar: The Last Airbender: Avatar: The Last Airbender: Book 2: The Earth King","16/10/2019"
"Avatar: The Last Airbender: Avatar: The Last Airbender: Book 2: Lake Laogai","16/10/2019"
"Avatar: The Last Airbender: Avatar: The Last Airbender: Book 2: Appa's Lost Days","16/10/2019"
"Avatar: The Last Airbender: Avatar: The Last Airbender: Book 2: Tales of Ba Sing Se","16/10/2019"
"Avatar: The Last Airbender: Avatar: The Last Airbender: Book 2: City of Walls and Secrets","16/10/2019"
"Insatiable: Season 2: The Most You You Can Be","16/10/2019"
"Insatiable: Season 2: Ladybomb","16/10/2019"
"Insatiable: Season 2: Pretty in Prison","16/10/2019"
"Insatiable: Season 2: Full Brazilian","16/10/2019"
"Insatiable: Season 2: Eat and Run","16/10/2019"
"Avatar: The Last Airbender: Avatar: The Last Airbender: Book 2: The Desert","16/10/2019"
"Avatar: The Last Airbender: Avatar: The Last Airbender: Book 2: The Library","15/10/2019"
"Avatar: The Last Airbender: Avatar: The Last Airbender: Book 2: Bitter Work","15/10/2019"
"Avatar: The Last Airbender: Avatar: The Last Airbender: Book 2: The Chase","15/10/2019"
"Avatar: The Last Airbender: Avatar: The Last Airbender: Book 2: Zuko Alone","14/10/2019"
"Avatar: The Last Airbender: Avatar: The Last Airbender: Book 2: The Blind Bandit","14/10/2019"
"Avatar: The Last Airbender: Avatar: The Last Airbender: Book 2: Avatar Day","14/10/2019"
"Avatar: The Last Airbender: Avatar: The Last Airbender: Book 2: The Swamp","14/10/2019"
"Avatar: The Last Airbender: Avatar: The Last Airbender: Book 2: Return to Omashu","14/10/2019"
"Avatar: The Last Airbender: Avatar: The Last Airbender: Book 2: The Cave of Two Lovers","12/10/2019"
"Avatar: The Last Airbender: Avatar: The Last Airbender: Book 2: The Avatar State","12/10/2019"
"Avatar: The Last Airbender: Avatar: The Last Airbender: Book 1: The Boy in the Iceberg","12/10/2019"
"Avatar: The Last Airbender: Avatar: The Last Airbender: Book 1: The Siege of the North: Part 2","12/10/2019"
"Avatar: The Last Airbender: Avatar: The Last Airbender: Book 1: The Siege of the North: Part 1","12/10/2019"
"Avatar: The Last Airbender: Avatar: The Last Airbender: Book 1: The Waterbending Master","12/10/2019"
"Avatar: The Last Airbender: Avatar: The Last Airbender: Book 1: The Northern Air Temple","12/10/2019"
"Avatar: The Last Airbender: Avatar: The Last Airbender: Book 1: The Deserter","12/10/2019"
"Avatar: The Last Airbender: Avatar: The Last Airbender: Book 1: Bato of the Water Tribe","12/10/2019"
"Avatar: The Last Airbender: Avatar: The Last Airbender: Book 1: The Fortune-Teller","12/10/2019"
"Insatiable: Season 2: Finding Magnolia","12/10/2019"
"Insatiable: Season 2: Poison Patty","11/10/2019"
"The Good Place: Season 4: Chillaxing","11/10/2019"
"Insatiable: Season 2: Boomerang","11/10/2019"
"Insatiable: Season 2: Dead Girl","11/10/2019"
"Avatar: The Last Airbender: Avatar: The Last Airbender: Book 1: The Blue Spirit","10/10/2019"
"Avatar: The Last Airbender: Avatar: The Last Airbender: Book 1: The Storm","10/10/2019"
"Avatar: The Last Airbender: Avatar: The Last Airbender: Book 1: The Great Divide","10/10/2019"
"Avatar: The Last Airbender: Avatar: The Last Airbender: Book 1: Jet","10/10/2019"
"Avatar: The Last Airbender: Avatar: The Last Airbender: Book 1: The Waterbending Scroll","10/10/2019"
"Avatar: The Last Airbender: Avatar: The Last Airbender: Book 1: Winter Solstice: Part 2: Avatar Roku","10/10/2019"
"Avatar: The Last Airbender: Avatar: The Last Airbender: Book 1: Winter Solstice: Part 1: The Spirit World","10/10/2019"
"Avatar: The Last Airbender: Avatar: The Last Airbender: Book 1: Imprisoned","10/10/2019"
"Avatar: The Last Airbender: Avatar: The Last Airbender: Book 1: The King of Omashu","10/10/2019"
"Avatar: The Last Airbender: Avatar: The Last Airbender: Book 1: The Warriors of Kyoshi","10/10/2019"
"Avatar: The Last Airbender: Avatar: The Last Airbender: Book 1: The Southern Air Temple","10/10/2019"
"Spy Kids","10/10/2019"
"Avatar: The Last Airbender: Avatar: The Last Airbender: Book 1: The Avatar Returns","09/10/2019"
"Scream: Season 1: Pilot","09/10/2019"
"He's Just Not That Into You","09/10/2019"
"Power: Season 6: Episode 7","08/10/2019"
"Mo Gilligan: Momentum","06/10/2019"
"Scooby-Doo 2: Monsters Unleashed","06/10/2019"
"The Politician: Season 1: Pilot","06/10/2019"
"Big Mouth: Season 3: Girls Are Angry Too","06/10/2019"
"Beyond Scared Straight: Season 3: Oklahoma City, OK","05/10/2019"
"Beyond Scared Straight: Season 3: Hudson County, NJ","05/10/2019"
"Beyond Scared Straight: Season 3: St. Clair, IL","05/10/2019"
"Beyond Scared Straight: Season 3: Jacksonville, FL (Boys)","05/10/2019"
"Beyond Scared Straight: Season 3: Boston, MA (Girls)","05/10/2019"
"iCarly: Season 1: iLike Jake","05/10/2019"
"iCarly: Season 1: iDream of Dance","05/10/2019"
"iCarly: Season 1: iWant More Viewers","05/10/2019"
"iCarly: Season 1: iPilot","05/10/2019"
"A Series of Unfortunate Events: Season 3: Slippery Slope: Part 2","05/10/2019"
"The Lego Batman Movie","05/10/2019"
"Flushed Away","05/10/2019"
"The Good Place: Season 4: A Girl From Arizona - Part 2","04/10/2019"
"A Series of Unfortunate Events: Season 1: The Reptile Room: Part Two","04/10/2019"
"A Series of Unfortunate Events: Season 1: The Reptile Room: Part One","04/10/2019"
"A Series of Unfortunate Events: Season 1: The Miserable Mill: Part Two","03/10/2019"
"A Series of Unfortunate Events: Season 1: The Miserable Mill: Part One","03/10/2019"
"A Series of Unfortunate Events: Season 1: The Wide Window: Part Two","03/10/2019"
"A Series of Unfortunate Events: Season 1: The Wide Window: Part One","02/10/2019"
"Power: Season 6: Episode 6","01/10/2019"
"Friday Night Dinner: Season 2: Buggy","30/09/2019"
"Friday Night Dinner: Season 1: The Date","30/09/2019"
"Friday Night Dinner: Season 1: The Mercedes","30/09/2019"
"Batman Ninja","29/09/2019"
"Storks","29/09/2019"
"A Series of Unfortunate Events: Season 2: The Austere Academy: Part 2","28/09/2019"
"A Series of Unfortunate Events: Season 2: The Austere Academy: Part 1","28/09/2019"
"The Good Place: Season 1: Everything Is Fine","28/09/2019"
"Ella Enchanted","27/09/2019"
"The Good Place: Season 4: A Girl From Arizona - Part 1","27/09/2019"
"Criminal: France: Season 1: Caroline","27/09/2019"
"Power: Season 6: Episode 5","26/09/2019"
"Power: Season 6: Episode 4","26/09/2019"
"Criminal: France: Season 1: Émilie","26/09/2019"
"Criminal: Spain: Season 1: Carmelo","26/09/2019"
"Dr. Seuss' The Lorax","26/09/2019"
"Criminal: Spain: Season 1: Carmen","25/09/2019"
"Criminal: Spain: Season 1: Isabel","25/09/2019"
"Criminal: UK: Season 1: Jay","25/09/2019"
"Criminal: UK: Season 1: Stacey","25/09/2019"
"Criminal: UK: Season 1: Edgar","25/09/2019"
"Bee Movie","25/09/2019"
"Top Boy: Season 1: You Don't Know Me","24/09/2019"
"Top Boy: Season 1: Everyone's Got Family","24/09/2019"
"Top Boy: Season 1: Bad Eye","24/09/2019"
"Top Boy: Season 1: The Squeeze","24/09/2019"
"Top Boy: Season 1: Press Gang","24/09/2019"
"Top Boy: Season 1: Smoke Gets in Your Hands","23/09/2019"
"Top Boy: Season 1: Bonfire Night","23/09/2019"
"Top Boy: Season 1: Big Flame","23/09/2019"
"Top Boy: Season 1: Building Bridges","23/09/2019"
"Shrek the Third","22/09/2019"
"Top Boy: Season 1: Bruk Up","22/09/2019"
"The Pursuit of Happyness","22/09/2019"
"Shark Tale","21/09/2019"
"Shrek Forever After","21/09/2019"
"Gavin & Stacey: Season 2: Episode 1","20/09/2019"
"A Cinderella Story","20/09/2019"
"American Horror Story: Apocalypse: Apocalypse Then","20/09/2019"
"American Horror Story: Apocalypse: The Morning After","20/09/2019"
"American Horror Story: Apocalypse: The End","20/09/2019"
"Come Fly With Me: Season 1: Episode 1","19/09/2019"
"Happy Death Day","19/09/2019"
"Tall Girl","19/09/2019"
"Pirates of the Caribbean: Dead Men Tell No Tales","17/09/2019"
"Marianne: Season 1: Your Dreams","17/09/2019"
"Bad Education: Season 3: Episode 6","16/09/2019"
"Bad Education: Season 3: Episode 5","15/09/2019"
"Bad Education: Season 3: Episode 4","15/09/2019"
"Bad Education: Season 3: Episode 3","15/09/2019"
"Bad Education: Season 3: Episode 2","15/09/2019"
"Bad Education: Season 3: Episode 1","15/09/2019"
"Bad Education: Season 2: Episode 7","15/09/2019"
"Bad Education: Season 2: Episode 6","14/09/2019"
"Bad Education: Season 2: Episode 5","14/09/2019"
"Bad Education: Season 2: Episode 4","14/09/2019"
"The Boy Next Door","14/09/2019"
"Elite: Season 1: Saturday Night","12/09/2019"
"Elite: Season 1: Desire","12/09/2019"
"Elite: Season 1: Welcome","12/09/2019"
"Elite: Season 2: 0 hours missing","12/09/2019"
"Elite: Season 2: 84 hours missing","12/09/2019"
"Elite: Season 2: 66 hours missing","12/09/2019"
"Elite: Season 2: 63 hours missing","12/09/2019"
"Elite: Season 2: 59 hours missing","12/09/2019"
"Elite: Season 2: 36 hours missing","12/09/2019"
"Elite: Season 2: 20 hours missing","12/09/2019"
"Power: Season 6: Episode 3","11/09/2019"
"Power: Season 6: Episode 2","11/09/2019"
"Bad Education: Season 2: Episode 3","11/09/2019"
"Brooklyn Nine-Nine: Season 1: The Tagger","09/09/2019"
"Brooklyn Nine-Nine: Season 1: Pilot","09/09/2019"
"Teen Wolf: Season 6: Riders on the Storm","09/09/2019"
"Teen Wolf: Season 6: Memory Found","09/09/2019"
"13 Reasons Why: Season 1: Tape 7, Side A","09/09/2019"
"Peaky Blinders: Season 1: Episode 1","09/09/2019"
"Dirty Dancing","09/09/2019"
"Teen Wolf: Season 6: Blitzkrieg","09/09/2019"
"Teen Wolf: Season 6: Heartless","09/09/2019"
"Teen Wolf: Season 6: Ghosted","09/09/2019"
"Teen Wolf: Season 6: Radio Silence","08/09/2019"
"Teen Wolf: Season 6: Relics","08/09/2019"
"Teen Wolf: Season 6: Sundowning","08/09/2019"
"Teen Wolf: Season 6: Superposition","08/09/2019"
"Baby Driver","07/09/2019"
"Death at a Funeral","07/09/2019"
"Glee: Season 4: Shooting Star","07/09/2019"
"Teen Wolf: Season 6: Memory Lost","07/09/2019"
"Teen Wolf: Season 3: The Divine Move","07/09/2019"
"Teen Wolf: Season 3: Insatiable","07/09/2019"
"Teen Wolf: Season 3: De-Void","06/09/2019"
"Teen Wolf: Season 3: The Fox and the Wolf","06/09/2019"
"Teen Wolf: Season 3: Echo House","06/09/2019"
"Teen Wolf: Season 3: Letharia Vulpina","06/09/2019"
"Teen Wolf: Season 3: Silverfinger","06/09/2019"
"Teen Wolf: Season 3: Anchors","06/09/2019"
"Glee: Season 1: Throwdown","06/09/2019"
"Glee: Season 1: Vitamin D","05/09/2019"
"13 Reasons Why: Season 3: If You're Breathing, You're a Liar","05/09/2019"
"Teen Wolf: Season 3: Lunar Ellipse","05/09/2019"
"Teen Wolf: Season 3: Alpha Pact","04/09/2019"
"Teen Wolf: Season 3: The Overlooked","04/09/2019"
"Teen Wolf: Season 3: The Girl Who Knew Too Much","03/09/2019"
"Teen Wolf: Season 3: Visionary","03/09/2019"
"Teen Wolf: Season 3: Currents","03/09/2019"
"Teen Wolf: Season 3: Motel California","03/09/2019"
"Teen Wolf: Season 3: Frayed","03/09/2019"
"Teen Wolf: Season 3: Unleashed","03/09/2019"
"That '70s Show: Season 5: Hey, Hey What Can I Do?","03/09/2019"
"Jane The Virgin: Season 3: Chapter Sixty-One","03/09/2019"
"Teen Wolf: Season 3: Chaos Rising","03/09/2019"
"Teen Wolf: Season 6: The Wolves Of War","03/09/2019"
"Teen Wolf: Season 6: Broken Glass","03/09/2019"
"Teen Wolf: Season 6: Genotype","03/09/2019"
"Teen Wolf: Season 6: Werewolves Of London","02/09/2019"
"Top Boy: Summerhouse: Series 2: Episode 4","01/09/2019"
"Top Boy: Summerhouse: Series 2: Episode 3","01/09/2019"
"Teen Wolf: Season 6: Triggers","01/09/2019"
"Teen Wolf: Season 6: Pressure Test","01/09/2019"
"Teen Wolf: Season 6: Face-To-Faceless","01/09/2019"
"Teen Wolf: Season 6: After Images","01/09/2019"
"Teen Wolf: Season 6: Raw Talent","01/09/2019"
"Teen Wolf: Season 6: Said The Spider To The Fly","01/09/2019"
"Teen Wolf: Season 5: Apotheosis","01/09/2019"
"Final Destination 5","01/09/2019"
"Teen Wolf: Season 5: The Beast of Beacon Hills","01/09/2019"
"Teen Wolf: Season 5: Maid of Gevaudan","31/08/2019"
"Teen Wolf: Season 5: A Credible Threat","31/08/2019"
"Teen Wolf: Season 5: Lie Ability","31/08/2019"
"Teen Wolf: Season 5: Amplification","31/08/2019"
"Teen Wolf: Season 5: The Sword and the Spirit","31/08/2019"
"Teen Wolf: Season 5: Codominance","30/08/2019"
"Teen Wolf: Season 5: Damnatio Memoriae","30/08/2019"
"Teen Wolf: Season 5: The Last Chimera","30/08/2019"
"Teen Wolf: Season 5: Status Asthmaticus","30/08/2019"
"Teen Wolf: Season 5: Lies of Omission","30/08/2019"
"Teen Wolf: Season 5: Ouroboros","30/08/2019"
"Top Boy: Summerhouse: Series 2: Episode 2","30/08/2019"
"Teen Wolf: Season 5: Condition Terminal","30/08/2019"
"Top Boy: Summerhouse: Series 2: Episode 1","30/08/2019"
"Teen Wolf: Season 5: Dreamcatchers","29/08/2019"
"Teen Wolf: Season 5: Parasomnia","29/08/2019"
"13 Reasons Why: Season 3: Yeah. I'm the New Girl","29/08/2019"
"Friends: Season 1: The One with the Sonogram at the End","29/08/2019"
"Top Boy: Summerhouse: Series 1: Episode 4","28/08/2019"
"Top Boy: Summerhouse: Series 1: Episode 3","28/08/2019"
"Top Boy: Summerhouse: Series 1: Episode 2","28/08/2019"
"Top Boy: Summerhouse: Series 1: Episode 1","28/08/2019"
"Teen Wolf: Season 5: Creatures of the Night","28/08/2019"
"Teen Wolf: Season 4: Smoke and Mirrors","28/08/2019"
"Teen Wolf: Season 4: A Promise to the Dead","28/08/2019"
"Teen Wolf: Season 4: Monstrous","28/08/2019"
"Teen Wolf: Season 4: Perishable","28/08/2019"
"Teen Wolf: Season 4: Time of Death","28/08/2019"
"Teen Wolf: Season 4: Weaponized","28/08/2019"
"Teen Wolf: Season 4: Orphaned","28/08/2019"
"Teen Wolf: Season 4: I.E.D.","28/08/2019"
"Outnumbered: Series 1: The Special Bowl","27/08/2019"
"Outnumbered: Series 1: The School Run","27/08/2019"
"COMEDIANS of the world: UK: Ellie Taylor","26/08/2019"
"COMEDIANS of the world: UK: Nish Kumar","26/08/2019"
"Teen Wolf: Season 4: The Benefactor","26/08/2019"
"The Purge","26/08/2019"
"Power: Season 1: Not Exactly How We Planned","26/08/2019"
"COMEDIANS of the world: UK: Mae Martin","25/08/2019"
"COMEDIANS of the world: UK: Joel Dommett","25/08/2019"
"Monster House","25/08/2019"
"Teen Wolf: Season 4: Muted","25/08/2019"
"13 Reasons Why: Season 3: Let the Dead Bury the Dead","25/08/2019"
"Teen Wolf: Season 3: Tattoo","25/08/2019"
"Teen Wolf: Season 2: Master Plan","24/08/2019"
"Teen Wolf: Season 2: Battlefield","24/08/2019"
"Teen Wolf: Season 2: Fury","24/08/2019"
"Teen Wolf: Season 2: Party Guessed","24/08/2019"
"Teen Wolf: Season 2: Raving","24/08/2019"
"Teen Wolf: Season 2: Restraint","24/08/2019"
"Teen Wolf: Season 2: Frenemy","24/08/2019"
"Teen Wolf: Season 2: Venomous","24/08/2019"
"Teen Wolf: Season 2: Abomination","24/08/2019"
"Teen Wolf: Season 2: Ice Pick","24/08/2019"
"13 Reasons Why: Season 2: The Second Polaroid","23/08/2019"
"Teen Titans Go!: Season 4: Booby Trap House / Fish Water","23/08/2019"
"Teen Titans Go!: Season 1: Legendary Sandwich / Pie Bros","23/08/2019"
"Sextuplets","23/08/2019"
"Teen Wolf: Season 2: Shape Shifted","23/08/2019"
"Teen Wolf: Season 2: Omega","22/08/2019"
"Teen Wolf: Season 4: The Dark Moon","22/08/2019"
"Scary Movie 3","22/08/2019"
"The Babysitter","22/08/2019"
"Jane The Virgin: Season 3: Chapter Sixty","22/08/2019"
"Jane The Virgin: Season 3: Chapter Fifty-Nine","22/08/2019"
"Jane The Virgin: Season 3: Chapter Fifty-Eight","21/08/2019"
"Jane The Virgin: Season 3: Chapter Fifty-Seven","20/08/2019"
"Jane The Virgin: Season 3: Chapter Fifty-Six","19/08/2019"
"Jane The Virgin: Season 3: Chapter Fifty-Five","19/08/2019"
"Jane The Virgin: Season 3: Chapter Fifty-Four","19/08/2019"
"Jane The Virgin: Season 3: Chapter Fifty-Three","19/08/2019"
"Jane The Virgin: Season 3: Chapter Fifty-Two","19/08/2019"
"Jane The Virgin: Season 3: Chapter Fifty-One","19/08/2019"
"Jane The Virgin: Season 3: Chapter Fifty","19/08/2019"
"Jane The Virgin: Season 3: Chapter Forty-Nine","19/08/2019"
"Jane The Virgin: Season 3: Chapter Forty-Eight","18/08/2019"
"Gossip Girl: Season 2: The Ex-Files","18/08/2019"
"Gossip Girl: Season 1: Pilot","18/08/2019"
"The End of the F***ing World: Season 1: Episode 8","18/08/2019"
"The End of the F***ing World: Season 1: Episode 7","18/08/2019"
"The End of the F***ing World: Season 1: Episode 6","18/08/2019"
"The End of the F***ing World: Season 1: Episode 5","18/08/2019"
"The End of the F***ing World: Season 1: Episode 4","18/08/2019"
"The End of the F***ing World: Season 1: Episode 3","18/08/2019"
"The End of the F***ing World: Season 1: Episode 2","18/08/2019"
"Snatch","17/08/2019"
"The Fresh Prince of Bel-Air: Season 1: Homeboy, Sweet Homeboy","17/08/2019"
"The Angry Birds Movie","17/08/2019"
"Neighbors","17/08/2019"
"Annie","16/08/2019"
"Jane The Virgin: Season 3: Chapter Forty-Seven","16/08/2019"
"Jane The Virgin: Season 3: Chapter Forty-Six","16/08/2019"
"Jane The Virgin: Season 3: Chapter Forty-Five","16/08/2019"
"The Haunted Hathaways: Season 1: Haunted Sleepover","15/08/2019"
"Paul Blart: Mall Cop","15/08/2019"
"Jane The Virgin: Season 2: Chapter Forty-Four","15/08/2019"
"Jane The Virgin: Season 2: Chapter Forty-Three","15/08/2019"
"Jane The Virgin: Season 2: Chapter Forty-Two","15/08/2019"
"Jane The Virgin: Season 2: Chapter Forty-One","14/08/2019"
"Jane The Virgin: Season 2: Chapter Forty","14/08/2019"
"Jane The Virgin: Season 2: Chapter Thirty-Nine","13/08/2019"
"Jane The Virgin: Season 2: Chapter Thirty-Eight","13/08/2019"
"Jane The Virgin: Season 2: Chapter Thirty-Seven","13/08/2019"
"Jane The Virgin: Season 2: Chapter Thirty-Six","13/08/2019"
"Jane The Virgin: Season 2: Chapter Thirty-Five","13/08/2019"
"Jane The Virgin: Season 2: Chapter Thirty-Four","12/08/2019"
"Jane The Virgin: Season 2: Chapter Thirty-Three","12/08/2019"
"Jane The Virgin: Season 2: Chapter Thirty-Two","12/08/2019"
"Jane The Virgin: Season 2: Chapter Thirty-One","11/08/2019"
"Jane The Virgin: Season 2: Chapter Thirty","11/08/2019"
"Jane The Virgin: Season 2: Chapter Twenty-Nine","11/08/2019"
"Jane The Virgin: Season 2: Chapter Twenty-Eight","11/08/2019"
"Jane The Virgin: Season 2: Chapter Twenty-Seven","11/08/2019"
"Jane The Virgin: Season 2: Chapter Twenty-Six","10/08/2019"
"Jane The Virgin: Season 2: Chapter Twenty-Five","10/08/2019"
"Jane The Virgin: Season 2: Chapter Twenty-Four","10/08/2019"
"Jane The Virgin: Season 2: Chapter Twenty-Three","10/08/2019"
"Jane The Virgin: Season 1: Chapter Twenty-Two","10/08/2019"
"Jane The Virgin: Season 1: Chapter Twenty-One","10/08/2019"
"Jane The Virgin: Season 1: Chapter Twenty","10/08/2019"
"Jane The Virgin: Season 1: Chapter Nineteen","10/08/2019"
"Jane The Virgin: Season 1: Chapter Eighteen","10/08/2019"
"Jane The Virgin: Season 1: Chapter Seventeen","09/08/2019"
"Jane The Virgin: Season 1: Chapter Sixteen","09/08/2019"
"Jane The Virgin: Season 1: Chapter Fifteen","09/08/2019"
"Jane The Virgin: Season 1: Chapter Fourteen","08/08/2019"
"Jane The Virgin: Season 1: Chapter Thirteen","08/08/2019"
"Jane The Virgin: Season 1: Chapter Twelve","08/08/2019"
"Bad Education: Season 2: Episode 2","07/08/2019"
"Bad Education: Season 2: Episode 1","07/08/2019"
"The Fault in Our Stars","07/08/2019"
"Jane The Virgin: Season 1: Chapter Eleven","07/08/2019"
"Jane The Virgin: Season 1: Chapter Ten","07/08/2019"
"Couples Retreat","07/08/2019"
"Jane The Virgin: Season 1: Chapter Nine","07/08/2019"
"Jane The Virgin: Season 1: Chapter Eight","07/08/2019"
"Step Brothers","06/08/2019"
"Jigsaw","06/08/2019"
"Jane The Virgin: Season 1: Chapter Seven","06/08/2019"
"Jane The Virgin: Season 1: Chapter Six","06/08/2019"
"Jane The Virgin: Season 1: Chapter Five","06/08/2019"
"Jane The Virgin: Season 1: Chapter Four","06/08/2019"
"Jane The Virgin: Season 1: Chapter Three","05/08/2019"
"Jane The Virgin: Season 1: Chapter Two","05/08/2019"
"Jane The Virgin: Season 1: Chapter One: Pilot","05/08/2019"
"Nine Lives","05/08/2019"
"Dear John","05/08/2019"
"Marvel's Jessica Jones: Season 1: AKA Crush Syndrome","04/08/2019"
"Rim of the World","02/08/2019"
"The Emoji Movie","02/08/2019"
"Jane The Virgin: Season 5: Chapter One Hundred","02/08/2019"
"Jane The Virgin: Season 5: Chapter Ninety-Nine","01/08/2019"
"Orange Is the New Black: Season 7: The Big House","01/08/2019"
"Orange Is the New Black: Season 7: God Bless America","01/08/2019"
"Orange Is the New Black: Season 7: The Thirteenth","01/08/2019"
"Orange Is the New Black: Season 7: The Hidey Hole","01/08/2019"
"Orange Is the New Black: Season 7: Baker's Dozen","01/08/2019"
"The Break-Up","31/07/2019"
"Horrible Bosses","31/07/2019"
"Orange Is the New Black: Season 7: Me as Well","31/07/2019"
"Orange Is the New Black: Season 7: Trapped in an Elevator","30/07/2019"
"Black Mirror: Season 5: Rachel, Jack and Ashley Too","30/07/2019"
"Orange Is the New Black: Season 7: Minority Deport","30/07/2019"
"Orange Is the New Black: Season 7: How to Do Life","30/07/2019"
"My First First Love: Season 2: My First First Love","30/07/2019"
"Orange Is the New Black: Season 7: And Brown Is the New Orange","30/07/2019"
"Girls With Balls","30/07/2019"
"My First First Love: Season 2: The Real Reason","30/07/2019"
"Orange Is the New Black: Season 7: Beginning of the End","29/07/2019"
"Orange Is the New Black: Season 7: Just Desserts","27/07/2019"
"Jane The Virgin: Season 5: Chapter Ninety-Eight","25/07/2019"
"Money Heist: Part 1: Episode 1","22/07/2019"
"#realityhigh","22/07/2019"
"You Get Me","22/07/2019"
"Madagascar: Escape 2 Africa","22/07/2019"
"Alvin and the Chipmunks: The Road Chip","21/07/2019"
"Bad Education: Season 1: Episode 6","20/07/2019"
"Bad Education: Season 1: Episode 5","20/07/2019"
"Bad Education: Season 1: Episode 4","20/07/2019"
"Bad Education: Season 1: Episode 3","19/07/2019"
"Our Planet: Season 1: From Deserts to Grasslands","19/07/2019"
"Our Planet: Season 1: Coastal Seas","19/07/2019"
"Our Planet: Season 1: Jungles","19/07/2019"
"Secret Obsession","19/07/2019"
"American Pie","18/07/2019"
"SPF-18","18/07/2019"
"Rip Tide","18/07/2019"
"Night at the Museum: Secret of the Tomb","18/07/2019"
"Jane The Virgin: Season 5: Chapter Ninety-Seven","18/07/2019"
"Orange Is the New Black: Season 2: Appropriately Sized Pots","16/07/2019"
"Orange Is the New Black: Season 2: Comic Sans","16/07/2019"
"Jackass 3","15/07/2019"
"Gerald's Game","15/07/2019"
"Gaga: Five Foot Two","15/07/2019"
"Jane The Virgin: Season 5: Chapter Ninety-Six","14/07/2019"
"Orange Is the New Black: Season 2: You Also Have a Pizza","14/07/2019"
"Radio Rebel","13/07/2019"
"Full Out","13/07/2019"
"Every Day","13/07/2019"
"Bad Education: Season 1: Episode 2","13/07/2019"
"Bad Education: Season 1: Episode 1","13/07/2019"
"Stranger Things: Stranger Things 3: Chapter Eight: The Battle of Starcourt","13/07/2019"
"Stranger Things: Stranger Things 3: Chapter Seven: The Bite","13/07/2019"
"Stranger Things: Stranger Things 3: Chapter Six: E Pluribus Unum","13/07/2019"
"Orange Is the New Black: Season 2: Low Self Esteem City","13/07/2019"
"Orange Is the New Black: Season 2: A Whole Other Hole","13/07/2019"
"Orange Is the New Black: Season 2: Hugs Can Be Deceiving","13/07/2019"
"Stranger Things: Stranger Things 3: Chapter Five: The Flayed","12/07/2019"
"Stranger Things: Stranger Things 3: Chapter Four: The Sauna Test","12/07/2019"
"Stranger Things: Stranger Things 3: Chapter Three: The Case of the Missing Lifeguard","12/07/2019"
"Stranger Things: Stranger Things 3: Chapter Two: The Mall Rats","12/07/2019"
"Barbie Life in the Dreamhouse: Season 1: Perf Pool Party & Trapped in the Dreamhouse","12/07/2019"
"Orange Is the New Black: Season 2: Looks Blue, Tastes Red","12/07/2019"
"Family Reunion: Part 1: Remember How This All Started?","11/07/2019"
"Glee: Season 1: The Rhodes Not Taken","11/07/2019"
"Glee: Season 1: Preggers","11/07/2019"
"Glee: Season 1: Acafellas","11/07/2019"
"Glee: Season 1: Showmance","11/07/2019"
"Glee: Season 1: Pilot","11/07/2019"
"Glee: Season 6: Dreams Come True","11/07/2019"
"Power Rangers Mystic Force: Season 1: Mystic Fate: Part 2","11/07/2019"
"Orange Is the New Black: Season 1: Can't Fix Crazy","11/07/2019"
"That '70s Show: Season 5: The Battle of Evermore","10/07/2019"
"Insatiable: Season 1: Why Bad Things Happen","10/07/2019"
"Insatiable: Season 1: Winners Win. Period.","10/07/2019"
"Insatiable: Season 1: Banana Heart Banana","10/07/2019"
"Insatiable: Season 1: Bad Kitty","10/07/2019"
"Insatiable: Season 1: Wieners and Losers","10/07/2019"
"Insatiable: Season 1: Miss Magic Jesus","10/07/2019"
"Insatiable: Season 1: Dunk 'N' Donut","10/07/2019"
"Big Mouth: Season 1: Everybody Bleeds","09/07/2019"
"Big Mouth: Season 1: Ejaculation","09/07/2019"
"Swiped","09/07/2019"
"Tokyo Ghoul: Tragedy","09/07/2019"
"The Seven Deadly Sins: The Seven Deadly Sins","09/07/2019"
"Murder Mystery","09/07/2019"
"Insatiable: Season 1: Bikinis and Bitches","09/07/2019"
"Insatiable: Season 1: WMBS","09/07/2019"
"Insatiable: Season 1: Miss Bareback Buckaroo","09/07/2019"
"Insatiable: Season 1: Skinny Is Magic","08/07/2019"
"Insatiable: Season 1: Pilot","08/07/2019"
"Orange Is the New Black: Season 1: Fool Me Once","08/07/2019"
"Bridesmaids","08/07/2019"
"Orange Is the New Black: Season 1: Tall Men with Feelings","07/07/2019"
"Orange Is the New Black: Season 1: Bora Bora Bora","07/07/2019"
"Orange Is the New Black: Season 1: F*cksgiving","07/07/2019"
"Orange Is the New Black: Season 1: Moscow Mule","07/07/2019"
"Orange Is the New Black: Season 1: Blood Donut","07/07/2019"
"Orange Is the New Black: Season 1: WAC Pack","07/07/2019"
"Orange Is the New Black: Season 1: The Chickening","07/07/2019"
"Orange Is the New Black: Season 1: Imaginary Enemies","07/07/2019"
"Orange Is the New Black: Season 1: Lesbian Request Denied","07/07/2019"
"Orange Is the New Black: Season 1: Tit Punch","07/07/2019"
"Orange Is the New Black: Season 1: I Wasn't Ready","07/07/2019"
"That '70s Show: Season 5: Whole Lotta Love","07/07/2019"
"Stranger Things: Stranger Things 3: Chapter One: Suzie, Do You Copy?","06/07/2019"
"Stranger Things: Chapter One: The Vanishing Of Will Byers","06/07/2019"
"The Blind Side","04/07/2019"
"Polar","03/07/2019"
"American Assassin","03/07/2019"
"Minecraft: Story Mode: Season 1: The Order of the Stone","03/07/2019"
"Orange Is the New Black: Season 2: We Have Manners. We're Polite.","03/07/2019"
"Orange Is the New Black: Season 2: It Was the Change","03/07/2019"
"Orange Is the New Black: Season 2: Take a Break From Your Values","03/07/2019"
"Orange Is the New Black: Season 2: Little Mustachioed Sh*t","03/07/2019"
"Pitch Perfect","01/07/2019"
"Orange Is the New Black: Season 2: 40 Oz. of Furlough","01/07/2019"
"Can't Help Falling in Love","01/07/2019"
"Easy: Season 3: Spontaneous Combustion","30/06/2019"
"Rough Night","30/06/2019"
"When They See Us: Limited Series: Part Four","30/06/2019"
"When They See Us: Limited Series: Part Three","30/06/2019"
"When They See Us: Limited Series: Part Two","30/06/2019"
"When They See Us: Limited Series: Part One","30/06/2019"
"Marvel's Jessica Jones: Season 1: AKA Ladies Night","30/06/2019"
"Beasts of No Nation","30/06/2019"
"Jane The Virgin: Season 5: Chapter Ninety-Five","29/06/2019"
"That '70s Show: Season 5: When the Levee Breaks","26/06/2019"
"That '70s Show: Season 5: Babe I'm Gonna Leave You","25/06/2019"
"That '70s Show: Season 5: Your Time Is Gonna Come","25/06/2019"
"That '70s Show: Season 5: Misty Mountain Hop","25/06/2019"
"That '70s Show: Season 5: The Girl I Love","25/06/2019"
"Spread","24/06/2019"
"Spring Breakers","24/06/2019"
"Project X","24/06/2019"
"Not Another Teen Movie","24/06/2019"
"It's Now or Never","24/06/2019"
"Candy Jar","23/06/2019"
"Beats","22/06/2019"
"Kevin Hart's Guide to Black History","22/06/2019"
"Hush","22/06/2019"
"Stranger Things: Stranger Things 2: Chapter Nine: The Gate","22/06/2019"
"Stranger Things: Stranger Things 2: Chapter Eight: The Mind Flayer","22/06/2019"
"Stranger Things: Stranger Things 2: Chapter Seven: The Lost Sister","22/06/2019"
"Stranger Things: Stranger Things 2: Chapter Six: The Spy","22/06/2019"
"Stranger Things: Stranger Things 2: Chapter Five: Dig Dug","22/06/2019"
"Stranger Things: Stranger Things 2: Chapter Four: Will the Wise","22/06/2019"
"Jane The Virgin: Season 5: Chapter Ninety-Four","22/06/2019"
"Easy A","22/06/2019"
"Stranger Things: Stranger Things 2: Chapter Three: The Pollywog","22/06/2019"
"Stranger Things: Stranger Things 2: Chapter Two: Trick or Treat, Freak","22/06/2019"
"Stranger Things: Stranger Things 2: Chapter One: MADMAX","21/06/2019"
"Stranger Things: Chapter Eight: The Upside Down","21/06/2019"
"Stranger Things: Chapter Seven: The Bathtub","21/06/2019"
"Stranger Things: Chapter Six: The Monster","21/06/2019"
"Altered Carbon: Season 1: Out of the Past","20/06/2019"
"Stranger Things: Chapter Five: The Flea and the Acrobat","20/06/2019"
"Just Go With It","18/06/2019"
"Stranger Things: Chapter Four: The Body","18/06/2019"
"Stranger Things: Chapter Three: Holly, Jolly","18/06/2019"
"Stranger Things: Chapter Two: The Weirdo on Maple Street","18/06/2019"
"The Legend of Tarzan","17/06/2019"
"That '70s Show: Season 5: The Crunge","17/06/2019"
"That '70s Show: Season 5: Black Dog","17/06/2019"
"21 Jump Street","16/06/2019"
"Black Mirror: Season 1: Fifteen Million Merits","16/06/2019"
"Conversations with a Killer: The Ted Bundy Tapes: Limited Series: Handsome Devil","16/06/2019"
"Men in Black 3","16/06/2019"
"Trinkets: Season 1: Paper Tiger","16/06/2019"
"Trinkets: Season 1: Mirror Faces","16/06/2019"
"That '70s Show: Season 5: Thank You","16/06/2019"
"That '70s Show: Season 5: Hot Dog","16/06/2019"
"Black Mirror: Season 4: Arkangel","15/06/2019"
"Black Mirror: Season 5: Smithereens","15/06/2019"
"That '70s Show: Season 5: Over the Hills and Far Away","15/06/2019"
"Jane The Virgin: Season 5: Chapter Ninety-Three","14/06/2019"
"That '70s Show: Season 5: Ramble On","13/06/2019"
"13 Reasons Why: Season 2: The Drunk Slut","12/06/2019"
"13 Reasons Why: Season 2: Two Girls Kissing","12/06/2019"
"13 Reasons Why: Season 2: The First Polaroid","12/06/2019"
"Transformers: The Last Knight","12/06/2019"
"How to Sell Drugs Online (Fast): Season 1: Nerd Today, Boss Tomorrow","10/06/2019"
"Suicide Squad","10/06/2019"
"That '70s Show: Season 5: Heartbreaker","10/06/2019"
"Fifty Shades Darker","09/06/2019"
"That '70s Show: Season 5: What Is and What Should Never Be","09/06/2019"
"That '70s Show: Season 5: I Can't Quit You Baby","09/06/2019"
"That '70s Show: Season 5: Going to California","09/06/2019"
"That '70s Show: Season 4: Love, Wisconsin Style","09/06/2019"
"That '70s Show: Season 4: Everybody Loves Casey","09/06/2019"
"That '70s Show: Season 4: Eric's False Alarm","09/06/2019"
"That '70s Show: Season 4: That '70s Musical","09/06/2019"
"That '70s Show: Season 4: Hyde's Birthday","09/06/2019"
"That '70s Show: Season 4: Eric's Corvette Caper","09/06/2019"
"That '70s Show: Season 4: Prank Day","08/06/2019"
"That '70s Show: Season 3: Dine & Dash","08/06/2019"
"That '70s Show: Season 4: Class Picture","08/06/2019"
"That '70s Show: Season 4: Jackie's Cheese Squeeze","08/06/2019"
"That '70s Show: Season 4: Leo Loves Kitty","08/06/2019"
"That '70s Show: Season 4: Kelso's Career","08/06/2019"
"That '70s Show: Season 4: Donna Dates a Kelso","08/06/2019"
"That '70s Show: Season 4: Tornado Prom","07/06/2019"
"That '70s Show: Season 4: Eric's Hot Cousin","07/06/2019"
"Jane The Virgin: Season 5: Chapter Ninety-Two","06/06/2019"
"Black Mirror: Season 5: Striking Vipers","05/06/2019"
"That '70s Show: Season 4: Jackie Says Cheese","04/06/2019"
"American Horror Story: Freak Show: Monsters Among Us","03/06/2019"
"Avengers: Age of Ultron","03/06/2019"
"That '70s Show: Season 4: An Eric Forman Christmas","03/06/2019"
"That '70s Show: Season 8: That '70s Finale","03/06/2019"
"That '70s Show: Season 4: Third Wheel","03/06/2019"
"That '70s Show: Season 4: Red & Stacey","03/06/2019"
"The Social Network","02/06/2019"
"Kevin Hart: Irresponsible","01/06/2019"
"That '70s Show: Season 4: The Forgotten Son","01/06/2019"
"Ant-Man","01/06/2019"
"The Fate of the Furious","01/06/2019"
"War Dogs","01/06/2019"
"Shameless (U.S.): Season 2: I'll Light a Candle For You Every Day","31/05/2019"
"That '70s Show: Season 4: Donna's Story","31/05/2019"
"Guardians of the Galaxy Vol. 2","31/05/2019"
"Jane The Virgin: Season 5: Chapter Ninety-One","30/05/2019"
"The Wolf of Wall Street","26/05/2019"
"That '70s Show: Season 4: Uncomfortable Ball Stuff","25/05/2019"
"Evan Almighty","25/05/2019"
"Spy Kids 2: The Island of Lost Dreams","25/05/2019"
"Spy Kids 3: Game Over","25/05/2019"
"Lucifer: Season 4: Everything's Okay","25/05/2019"
"You: Season 1: The Last Nice Guy in New York","25/05/2019"
"Before I Wake","25/05/2019"
"The Haunted Hathaways: Season 1: Pilot","25/05/2019"
"That '70s Show: Season 4: The Relapse","25/05/2019"
"That '70s Show: Season 4: Bye-Bye Basement","25/05/2019"
"That '70s Show: Season 4: Hyde Gets the Girl","25/05/2019"
"That '70s Show: Season 4: Pinciotti vs. Forman","25/05/2019"
"That '70s Show: Season 4: Eric's Depression","23/05/2019"
"That '70s Show: Season 4: It's a Wonderful Life","23/05/2019"
"Jane The Virgin: Season 5: Chapter Ninety","23/05/2019"
"That '70s Show: Season 3: The Promise Ring","21/05/2019"
"The Vampire Diaries: Season 6: Welcome to Paradise","19/05/2019"
"The Vampire Diaries: Season 5: Monster's Ball","19/05/2019"
"The Vampire Diaries: Season 5: For Whom the Bell Tolls","19/05/2019"
"The Vampire Diaries: Season 5: Original Sin","19/05/2019"
"The Vampire Diaries: Season 5: True Lies","19/05/2019"
"The Vampire Diaries: Season 5: I Know What You Did Last Summer","19/05/2019"
"The Vampire Diaries: Season 1: Haunted","19/05/2019"
"The Vampire Diaries: Season 3: The Birthday","19/05/2019"
"The Vampire Diaries: Season 2: As I Lay Dying","19/05/2019"
"The Vampire Diaries: Season 4: After School Special","19/05/2019"
"The Vampire Diaries: Season 4: O Come, All Ye Faithful","19/05/2019"
"The Vampire Diaries: Season 4: We'll Always Have Bourbon Street","19/05/2019"
"That '70s Show: Season 3: Backstage Pass","19/05/2019"
"That '70s Show: Season 3: Canadian Road Trip","19/05/2019"
"That '70s Show: Season 3: Eric's Drunken Tattoo","19/05/2019"
"That '70s Show: Season 3: Fez Dates Donna","19/05/2019"
"That '70s Show: Season 3: Holy Craps","19/05/2019"
"The Twilight Saga: Breaking Dawn: Part 1","18/05/2019"
"The Twilight Saga: Eclipse","18/05/2019"
"Twilight","18/05/2019"
"Valentine's Day","18/05/2019"
"Shadowhunters: The Mortal Instruments: Season 1: The Mortal Cup","18/05/2019"
"That '70s Show: Season 3: Eric's Naughty No-No","18/05/2019"
"That '70s Show: Season 3: The Trials of M. Kelso","18/05/2019"
"That '70s Show: Season 3: Kitty's Birthday (That's Today?!)","18/05/2019"
"That '70s Show: Season 3: Romantic Weekend","18/05/2019"
"That '70s Show: Season 3: Donna's Panties","18/05/2019"
"That '70s Show: Season 3: Radio Daze","18/05/2019"
"That '70s Show: Season 3: Fez Gets the Girl","17/05/2019"
"That '70s Show: Season 3: Who Wants it More?","17/05/2019"
"That '70s Show: Season 3: Ice Shack","17/05/2019"
"That '70s Show: Season 3: Hyde's Christmas Rager","17/05/2019"
"That '70s Show: Season 3: Jackie Bags Hyde","17/05/2019"
"That '70s Show: Season 3: Baby Fever","17/05/2019"
"That '70s Show: Season 3: Eric's Panties","17/05/2019"
"That '70s Show: Season 3: Roller Disco","17/05/2019"
"Riverdale: Season 3: Chapter Fifty-Seven: Survive the Night","17/05/2019"
"Dawn of the Planet of the Apes","17/05/2019"
"Jane The Virgin: Season 5: Chapter Eighty-Nine","16/05/2019"
"That '70s Show: Season 3: Too Old to Trick or Treat, Too Young to Die","16/05/2019"
"That '70s Show: Season 3: Hyde's Father","12/05/2019"
"That '70s Show: Season 3: Red Sees Red","12/05/2019"
"Riverdale: Season 3: Chapter Fifty-Six: The Dark Secret of Harvest House","11/05/2019"
"Riverdale: Season 3: Chapter Fifty-Five: Prom Night","11/05/2019"
"Jane The Virgin: Season 5: Chapter Eighty-Eight","10/05/2019"
"Lucy","09/05/2019"
"Our Planet: Season 1: Frozen Worlds","08/05/2019"
"Our Planet: Season 1: One Planet","08/05/2019"
"American Pie 2","08/05/2019"
"Shadowhunters: The Mortal Instruments: Season 3B: All Good Things…","07/05/2019"
"That '70s Show: Season 3: Reefer Madness","06/05/2019"
"That '70s Show: Season 2: Moon Over Point Place","06/05/2019"
"That '70s Show: Season 2: Cat Fight Club","06/05/2019"
"That '70s Show: Season 2: Red Fired Up","05/05/2019"
"That '70s Show: Season 2: Holy Crap!","05/05/2019"
"The Good Place: Season 3: Pandemonium","05/05/2019"
"That '70s Show: Season 2: Jackie Moves On","04/05/2019"
"That '70s Show: Season 2: Kelso's Serenade","03/05/2019"
"That '70s Show: Season 2: Kiss of Death","03/05/2019"
"The Vampire Diaries: Season 4: The Rager","03/05/2019"
"The Vampire Diaries: Season 8: We're Planning a June Wedding","03/05/2019"
"The Vampire Diaries: Season 8: I Was Feeling Epic","03/05/2019"
"Jane The Virgin: Season 5: Chapter Eighty-Seven","03/05/2019"
"The Last Summer","03/05/2019"
"Let's Be Cops","27/04/2019"
"My First First Love: Season 1: Turning Point","27/04/2019"
"My First First Love: Season 1: A Rain Shower","27/04/2019"
"My First First Love: Season 1: Fretting about Someone","27/04/2019"
"The Perfect Date","27/04/2019"
"My First First Love: Season 1: I Need a Room and You Have Many","27/04/2019"
"My First First Love: Season 1: A Close Friend -- Who’s Only Just a Friend","27/04/2019"
"Rush Hour 3","26/04/2019"
"Jane The Virgin: Season 5: Chapter Eighty-Six","26/04/2019"
"You vs. Wild: Season 1: Operation Jungle Rescue, Pt. 2","25/04/2019"
"You vs. Wild: Season 1: Operation Jungle Rescue, Pt. 1","25/04/2019"
"Good Girls: Season 1: Pilot","25/04/2019"
"Bright","24/04/2019"
"Someone Great","23/04/2019"
"Pacific Rim","23/04/2019"
"Monsters vs. Aliens","23/04/2019"
"Power Rangers Mystic Force: Season 1: Broken Spell: Part 1","22/04/2019"
"Chappie","20/04/2019"
"Jane The Virgin: Season 5: Chapter Eighty-Five","18/04/2019"
"Jane The Virgin: Season 5: Chapter Eighty-Four","13/04/2019"
"Jane The Virgin: Season 5: Chapter Eighty-Three","10/04/2019"
"The Spy Who Dumped Me","04/04/2019"
"Click","02/04/2019"
"Isn't It Romantic","02/04/2019"
"The Disappearance of Madeleine McCann: Season 1: The Beneath Truth","02/04/2019"
"That's My Boy","02/04/2019"
"Get Out","31/03/2019"
"On My Block: Season 2: Chapter Twenty","31/03/2019"
"On My Block: Season 2: Chapter Nineteen","30/03/2019"
"On My Block: Season 2: Chapter Eighteen","30/03/2019"
"On My Block: Season 2: Chapter Seventeen","30/03/2019"
"On My Block: Season 2: Chapter Sixteen","30/03/2019"
"On My Block: Season 2: Chapter Fifteen","30/03/2019"
"On My Block: Season 2: Chapter Fourteen","30/03/2019"
"On My Block: Season 2: Chapter Thirteen","30/03/2019"
"Angus, Thongs and Perfect Snogging","30/03/2019"
"On My Block: Season 2: Chapter Twelve","30/03/2019"
"On My Block: Season 2: Chapter Eleven","30/03/2019"
"Brooklyn Nine-Nine: Season 5: Jake & Amy","29/03/2019"
"Brooklyn Nine-Nine: Season 5: White Whale","29/03/2019"
"Brooklyn Nine-Nine: Season 5: Show Me Going","29/03/2019"
"Brooklyn Nine-Nine: Season 5: Bachelor/ette Party","29/03/2019"
"Brooklyn Nine-Nine: Season 5: Gray Star Mutual","29/03/2019"
"Brooklyn Nine-Nine: Season 5: DFW","29/03/2019"
"Brooklyn Nine-Nine: Season 5: NutriBoom","29/03/2019"
"The Umbrella Academy: Season 1: The White Violin","23/03/2019"
"The Umbrella Academy: Season 1: Changes","23/03/2019"
"The Umbrella Academy: Season 1: I Heard a Rumor","23/03/2019"
"The Umbrella Academy: Season 1: Run Boy Run","23/03/2019"
"Brooklyn Nine-Nine: Season 5: The Puzzle Master","23/03/2019"
"Brooklyn Nine-Nine: Season 5: The Box","23/03/2019"
"Brooklyn Nine-Nine: Season 5: The Negotiation","23/03/2019"
"Brooklyn Nine-Nine: Season 5: Safe House","23/03/2019"
"Brooklyn Nine-Nine: Season 5: The Favor","23/03/2019"
"Brooklyn Nine-Nine: Season 5: Game Night","23/03/2019"
"Brooklyn Nine-Nine: Season 5: 99","22/03/2019"
"Brooklyn Nine-Nine: Season 5: Return to Skyfire","22/03/2019"
"After Life: Season 1: Episode 1","20/03/2019"
"Brooklyn Nine-Nine: Season 5: Two Turkeys","18/03/2019"
"Brooklyn Nine-Nine: Season 5: The Venue","18/03/2019"
"Riverdale: Season 3: Chapter Forty-Nine: Fire Walk With Me","18/03/2019"
"Brooklyn Nine-Nine: Season 5: Bad Beat","17/03/2019"
"Brooklyn Nine-Nine: Season 5: HalloVeen","16/03/2019"
"Brooklyn Nine-Nine: Season 5: Kicks","16/03/2019"
"I Feel Pretty","16/03/2019"
"Smurfs: The Lost Village","16/03/2019"
"Johnny English","16/03/2019"
"Turn Up Charlie: Season 1: Episode 1","15/03/2019"
"Scooby-Doo","13/03/2019"
"Brooklyn Nine-Nine: Season 5: The Big House, Pt. 2","08/03/2019"
"Brooklyn Nine-Nine: Season 5: The Big House, Pt. 1","08/03/2019"
"Riverdale: Season 3: Chapter Forty-Eight: Requiem for a Welterweight","07/03/2019"
"Sherlock Gnomes","04/03/2019"
"Imagine That","26/02/2019"
"SMOSH: The Movie","24/02/2019"
"Killer Klowns from Outer Space","24/02/2019"
"The Woman in Black","24/02/2019"
"Wonder","24/02/2019"
"Camp Cool Kids","24/02/2019"
"47 Metres Down","24/02/2019"
"White Chicks","24/02/2019"
"Ride Along","24/02/2019"
"Tomb Raider","24/02/2019"
"Liar Liar","23/02/2019"
"One-Punch Man: Season 1: The Obsessive Scientist","23/02/2019"
"One-Punch Man: Season 1: The Lone Cyborg","23/02/2019"
"One-Punch Man: Season 1: The Strongest Man","23/02/2019"
"Big Daddy","23/02/2019"
"Bad Moms","23/02/2019"
"Benji","23/02/2019"
"Are We There Yet?","23/02/2019"
"Shaun the Sheep Movie","22/02/2019"
"Victorious: Season 1: Wok Star","22/02/2019"
"Little Man","22/02/2019"
"Victorious: Season 1: The Great Ping-Pong Scam","21/02/2019"
"Victorious: Season 3: The Slap Fight","21/02/2019"
"Victorious: Season 3: Crazy Ponnie","21/02/2019"
"Victorious: Season 3: How Trina Got In","21/02/2019"
"Sex Education: Season 1: Episode 8","21/02/2019"
"Victorious: Season 3: Driving Tori Crazy","20/02/2019"
"Victorious: Season 3: The Gorilla Club","20/02/2019"
"Victorious: Season 3: Tori and Jade's Playdate","20/02/2019"
"Sex Education: Season 1: Episode 7","20/02/2019"
"Sex Education: Season 1: Episode 6","20/02/2019"
"Sex Education: Season 1: Episode 5","20/02/2019"
"Sex Education: Season 1: Episode 4","20/02/2019"
"Worst Cooks in America: Season 9: The Final Showdown","19/02/2019"
"Worst Cooks in America: Season 9: Live and Let Dough","18/02/2019"
"Victorious: Season 3: The Blonde Squad","18/02/2019"
"Victorious: Season 3: Wanko's Warehouse","18/02/2019"
"Victorious: Season 3: April Fools Blank","18/02/2019"
"American Horror Story: Coven: The Seven Wonders","18/02/2019"
"American Horror Story: Coven: Go to Hell","18/02/2019"
"Victorious: Season 3: One Thousand Berry Balls","18/02/2019"
"Victorious: Season 3: Star-Spangled Tori","18/02/2019"
"Victorious: Season 3: Brain Squeezers","18/02/2019"
"Victorious: Season 3: Victori-Yes","18/02/2019"
"Victorious: Season 3: The Bad Roommate","18/02/2019"
"Victorious: Season 3: Robbie Sells Rex","18/02/2019"
"Victorious: Season 3: Tori Fixes Beck & Jade","16/02/2019"
"Victorious: Season 3: Three Girls And A Moose","16/02/2019"
"Victorious: Season 3: Cell Block","16/02/2019"
"Victorious: Season 3: Opposite Date","16/02/2019"
"Victorious: Season 3: The Hambone King","15/02/2019"
"American Horror Story: Coven: Protect the Coven","12/02/2019"
"American Horror Story: Coven: The Magical Delights of Stevie Nicks","11/02/2019"
"American Horror Story: Coven: Head","11/02/2019"
"American Horror Story: Coven: The Sacred Taking","11/02/2019"
"American Horror Story: Coven: The Dead","11/02/2019"
"American Horror Story: Coven: The Axeman Cometh","11/02/2019"
"American Horror Story: Coven: Burn, Witch. Burn!","11/02/2019"
"American Horror Story: Coven: Fearful Pranks Ensue","11/02/2019"
"American Horror Story: Coven: The Replacements","11/02/2019"
"American Horror Story: Coven: Boy Parts","10/02/2019"
"American Horror Story: Coven: Bitchcraft","10/02/2019"
"Victorious: Season 3: Car, Rain & Fire","09/02/2019"
"Victorious: Season 3: Andre's Horrible Girl","09/02/2019"
"Victorious: Season 3: The Worst Couple","09/02/2019"
"Victorious: Season 3: The Breakfast Bunch","09/02/2019"
"Victorious: Season 3: A Christmas Tori","09/02/2019"
"Victorious: Season 2: Blooptorious","09/02/2019"
"Victorious: Season 2: Terror on Cupcake Street","09/02/2019"
"Victorious: Season 2: Prom Wrecker","09/02/2019"
"Victorious: Season 2: Ice Cream for Ke$ha","09/02/2019"
"Victorious: Season 2: Beggin' on Your Knees","09/02/2019"
"Victorious: Season 2: Who Did It to Trina?","09/02/2019"
"Victorious: Season 2: Jade Gets Crushed","09/02/2019"
"Victorious: Season 2: Tori Tortures Teacher","09/02/2019"
"Victorious: Season 2: Tori Gets Stuck","09/02/2019"
"Victorious: Season 2: Helen Back Again","09/02/2019"
"Victorious: Season 2: Beck Falls for Tori","09/02/2019"
"Victorious: Season 1: Wi-Fi in the Sky","09/02/2019"
"Victorious: Season 1: Survival of the Hottest","09/02/2019"
"Victorious: Season 1: The Wood","09/02/2019"
"Victorious: Season 1: Sleepover at Sikowitz's","09/02/2019"
"Victorious: Season 1: Cat's New Boyfriend","09/02/2019"
"Victorious: Season 1: The Diddly-Bops","08/02/2019"
"Victorious: Season 1: A Film By Dale Squires","08/02/2019"
"Victorious: Season 1: Robarazzi","08/02/2019"
"Victorious: Season 1: The Birthweek Song","08/02/2019"
"Victorious: Season 1: Jade Dumps Beck","07/02/2019"
"Victorious: Season 1: Tori the Zombie","07/02/2019"
"Victorious: Season 1: Beck's Big Break","07/02/2019"
"Victorious: Season 1: Stage Fighting","07/02/2019"
"Victorious: Season 1: The Bird Scene","07/02/2019"
"Victorious: Season 1: Pilot","07/02/2019"
"Split","06/02/2019"
"Velvet Buzzsaw","03/02/2019"
"Noah","03/02/2019"
"Black Lightning: Season 1: Black Jesus","03/02/2019"
"Sex Education: Season 1: Episode 3","20/01/2019"
"Sex Education: Season 1: Episode 2","20/01/2019"
"Sex Education: Season 1: Episode 1","20/01/2019"
"Functional Fitness","20/01/2019"
"The Good Place: Season 3: Chidi Sees the Time-Knife","18/01/2019"
"The Good Place: Season 3: The Book of Dougs","18/01/2019"
"The Good Place: Season 3: Janet(s)","18/01/2019"
"The Good Place: Season 3: Don't Let the Good Life Pass You By","18/01/2019"
"The Good Place: Season 3: The Worst Possible Use of Free Will","18/01/2019"
"The Good Place: Season 3: A Fractured Inheritance","18/01/2019"
"The Good Place: Season 3: The Ballad of Donkey Doug","17/01/2019"
"The Good Place: Season 3: Jeremy Bearimy","17/01/2019"
"The Good Place: Season 3: The Snowplow","17/01/2019"
"Titans: Season 1: Dick	Grayson","16/01/2019"
"Titans: Season 1: Koriand'r","16/01/2019"
"Titans: Season 1: Hank and	Dawn","16/01/2019"
"Titans: Season 1: Donna Troy","15/01/2019"
"Titans: Season 1: The Asylum","15/01/2019"
"Titans: Season 1: Jason Todd","15/01/2019"
"Titans: Season 1: Together","14/01/2019"
"Titans: Season 1: Doom Patrol","14/01/2019"
"Friends: Season 1: The One Where Monica Gets a Roommate (Pilot)","14/01/2019"
"Titans: Season 1: Origins","13/01/2019"
"Titans: Season 1: Hawk and Dove","13/01/2019"
"Titans: Season 1: Titans","13/01/2019"
"Chris Rock: Tamborine","06/01/2019"
"Jimmy Carr: Funny Business","06/01/2019"
"You: Season 1: Pilot","05/01/2019"
"Russell Howard: Recalibrate","04/01/2019"
"Lionheart","04/01/2019"
"A Million Ways to Die in the West","02/01/2019"
"Stealth","02/01/2019"
"Worst Cooks in America: Season 9: Hollywood Goes Bollywood","02/01/2019"
"Black Mirror: Bandersnatch","01/01/2019"
"Worst Cooks in America: Season 9: Celebrity Cheat Meals","01/01/2019"
"Worst Cooks in America: Season 9: Oktoberfest Feast","01/01/2019"
"Passengers","01/01/2019"
"Worst Cooks in America: Season 9: BOOOOT Camp!","01/01/2019"
"Dumplin'","01/01/2019"
"Worst Cooks in America: Season 9: Hawaiian Pig and a Poke","31/12/2018"
"Worst Cooks in America: Season 9: Celebrity Dish-asters","31/12/2018"
"Riddick","23/12/2018"
"Charlie and the Chocolate Factory","23/12/2018"
"How to Be Single","21/12/2018"
"Set It Up","18/12/2018"
"The Redeemed and the Dominant: Fittest on Earth","18/12/2018"
"Fittest on Earth: A Decade of Fitness","17/12/2018"
"Arthur Christmas","12/12/2018"
"Mowgli: Legend of the Jungle","10/12/2018"
"The Last Kingdom: Season 1: Episode 3","10/12/2018"
"The Last Kingdom: Season 1: Episode 2","10/12/2018"
"The Fresh Prince of Bel-Air: Season 1: Not with My Pig, You Don't","09/12/2018"
"The Fresh Prince of Bel-Air: Season 1: Clubba Hubba","09/12/2018"
"The Fresh Prince of Bel-Air: Season 1: Bang the Drum, Ashley","09/12/2018"
"The Fresh Prince of Bel-Air: Season 1: The Fresh Prince Project","09/12/2018"
"The Last Kingdom: Season 1: Episode 1","07/12/2018"
"The Interview","07/12/2018"
"We're the Millers","05/12/2018"
"Kill Bill: Vol. 1","04/12/2018"
"The Christmas Chronicles","30/11/2018"
"Rogue One: A Star Wars Story","29/11/2018"
"The Perfect Physique","11/11/2018"
"Brain Games: Season 2: Don't Be Afraid","29/10/2018"
"Brain Games: Season 2: Motion Commotion","29/10/2018"
"Brain Games: Season 2: It's About Time","29/10/2018"
"Brain Games: Season 2: Focus Pocus","29/10/2018"
"We, the Marines","28/10/2018"
"Generation Iron 2","28/10/2018"
